entry_index,page,number,source_headword,pronunciation,variant,audio
1,1,1,laundry,laundry,1,p01_01_laundry.mp3
2,1,2,fresh,fresh,1,p01_02_fresh.mp3
3,1,3,frozen,frozen,1,p01_03_frozen.mp3
4,1,4,freezer,freezer,1,p01_04_freezer.mp3
5,1,5,hunger,hunger,1,p01_05_hunger.mp3
6,1,6,starvation,starvation,1,p01_06_starvation.mp3
7,1,7,nutrition,nutrition,1,p01_07_nutrition.mp3
8,1,8,takeaway,takeaway,1,p01_08_takeaway.mp3
9,1,9,steep,steep,1,p01_09_steep.mp3
10,1,10,scent,scent,1,p01_10_scent.mp3
11,1,11,odour,odour,1,p01_11_odour.mp3
12,1,12,ingredients,ingredients,1,p01_12_ingredients.mp3
13,1,13,olive oil,olive oil,1,p01_13_olive-oil.mp3
14,1,14,sailor,sailor,1,p01_14_sailor.mp3
15,1,15,sweetener,sweetener,1,p01_15_sweetener.mp3
16,1,16,cookery,cookery,1,p01_16_cookery.mp3
17,1,17,rack,rack,1,p01_17_rack.mp3
18,1,18,lids,lids,1,p01_18_lids.mp3
19,1,19,overfill,overfill,1,p01_19_overfill.mp3
20,1,20,tanks,tanks,1,p01_20_tanks.mp3
21,1,21,bucket,bucket,1,p01_21_bucket.mp3
22,1,22,boiler,boiler,1,p01_22_boiler.mp3
23,1,23,failure,failure,1,p01_23_failure.mp3
24,1,24,waves,waves,1,p01_24_waves.mp3
25,1,25,sodium,sodium,1,p01_25_sodium.mp3
26,2,1,axe,axe,1,p02_01_axe.mp3
27,2,2,stick,stick,1,p02_02_stick.mp3
28,2,3,brushes,brushes,1,p02_03_brushes.mp3
29,2,4,double-grill,double-grill,1,p02_04_double-grill.mp3
30,2,5,fireplaces,fireplaces,1,p02_05_fireplaces.mp3
31,2,6,fireworks,fireworks,1,p02_06_fireworks.mp3
32,2,7,fire drill,fire drill,1,p02_07_fire-drill.mp3
33,2,8,smash,smash,1,p02_08_smash.mp3
34,2,9,starch,starch,1,p02_09_starch.mp3
35,2,10,grind flour,grind flour,1,p02_10_grind-flour.mp3
36,2,11,powder,powder,1,p02_11_powder.mp3
37,2,12,barcode = bar code,barcode,1,p02_12a_barcode.mp3
37,2,12,barcode = bar code,bar code,2,p02_12b_bar-code.mp3
38,2,13,senior,senior,1,p02_13_senior.mp3
39,2,14,cooling,cooling,1,p02_14_cooling.mp3
40,2,15,authors,authors,1,p02_15_authors.mp3
41,2,16,Spain,Spain,1,p02_16_spain.mp3
42,2,17,public,public,1,p02_17_public.mp3
43,2,18,remove,remove,1,p02_18_remove.mp3
44,2,19,ink,ink,1,p02_19_ink.mp3
45,2,20,introduction,introduction,1,p02_20_introduction.mp3
46,2,21,active,active,1,p02_21_active.mp3
47,2,22,skin,skin,1,p02_22_skin.mp3
48,2,23,blueberries,blueberries,1,p02_23_blueberries.mp3
49,2,24,pencil,pencil,1,p02_24_pencil.mp3
50,2,25,instructions,instructions,1,p02_25_instructions.mp3
51,3,1,battery,battery,1,p03_01_battery.mp3
52,3,2,hero,hero,1,p03_02_hero.mp3
53,3,3,trade,trade,1,p03_03_trade.mp3
54,3,4,industry,industry,1,p03_04_industry.mp3
55,3,5,tourism,tourism,1,p03_05_tourism.mp3
56,3,6,umbrella,umbrella,1,p03_06_umbrella.mp3
57,3,7,quiet,quiet,1,p03_07_quiet.mp3
58,3,8,unfriendly,unfriendly,1,p03_08_unfriendly.mp3
59,3,9,party,party,1,p03_09_party.mp3
60,3,10,document,document,1,p03_10_document.mp3
61,3,11,keyboard,keyboard,1,p03_11_keyboard.mp3
62,3,12,Saturday,Saturday,1,p03_12_saturday.mp3
63,3,13,guess,guess,1,p03_13_guess.mp3
64,3,14,rumor,rumor,1,p03_14_rumor.mp3
65,3,15,mistake,mistake,1,p03_15_mistake.mp3
66,3,16,action,action,1,p03_16_action.mp3
67,3,17,proof,proof,1,p03_17_proof.mp3
68,3,18,threat,threat,1,p03_18_threat.mp3
69,3,19,apology,apology,1,p03_19_apology.mp3
70,3,20,compensation,compensation,1,p03_20_compensation.mp3
71,3,21,comic,comic,1,p03_21_comic.mp3
72,3,22,leaflet,leaflet,1,p03_22_leaflet.mp3
73,3,23,drought,drought,1,p03_23_drought.mp3
74,3,24,candles,candles,1,p03_24_candles.mp3
75,3,25,digestion,digestion,1,p03_25_digestion.mp3
76,4,1,global warming,global warming,1,p04_01_global-warming.mp3
77,4,2,coastal,coastal,1,p04_02_coastal.mp3
78,4,3,expensive,expensive,1,p04_03_expensive.mp3
79,4,4,painting,painting,1,p04_04_painting.mp3
80,4,5,realistic,realistic,1,p04_05_realistic.mp3
81,4,6,enlargement,enlargement,1,p04_06_enlargement.mp3
82,4,7,critics,critics,1,p04_07_critics.mp3
83,4,8,extra,extra,1,p04_08_extra.mp3
84,4,9,generator,generator,1,p04_09_generator.mp3
85,4,10,composer,composer,1,p04_10_composer.mp3
86,4,11,meaning,meaning,1,p04_11_meaning.mp3
87,4,12,signature,signature,1,p04_12_signature.mp3
88,4,13,loudness,loudness,1,p04_13_loudness.mp3
89,4,14,shrimp,shrimp,1,p04_14_shrimp.mp3
90,4,15,truck,truck,1,p04_15_truck.mp3
91,4,16,rubbish,rubbish,1,p04_16_rubbish.mp3
92,4,17,salesman,salesman,1,p04_17_salesman.mp3
93,4,18,Japanese,Japanese,1,p04_18_japanese.mp3
94,4,19,butter,butter,1,p04_19_butter.mp3
95,4,20,signal,signal,1,p04_20_signal.mp3
96,4,21,estimate,estimate,1,p04_21_estimate.mp3
97,4,22,pairs,pairs,1,p04_22_pairs.mp3
98,4,23,guard,guard,1,p04_23_guard.mp3
99,4,24,rocket,rocket,1,p04_24_rocket.mp3
100,4,25,chairman,chairman,1,p04_25_chairman.mp3
101,5,1,captivity,captivity,1,p05_01_captivity.mp3
102,5,2,dots,dots,1,p05_02_dots.mp3
103,5,3,arrangement,arrangement,1,p05_03_arrangement.mp3
104,5,4,matching,matching,1,p05_04_matching.mp3
105,5,5,fight,fight,1,p05_05_fight.mp3
106,5,6,toes,toes,1,p05_06_toes.mp3
107,5,7,canoe,canoe,1,p05_07_canoe.mp3
108,5,8,pasta,pasta,1,p05_08_pasta.mp3
109,5,9,exploration,exploration,1,p05_09_exploration.mp3
110,5,10,mood,mood,1,p05_10_mood.mp3
111,5,11,toothache,toothache,1,p05_11_toothache.mp3
112,5,12,shipbuilding,shipbuilding,1,p05_12_shipbuilding.mp3
113,5,13,baseball,baseball,1,p05_13_baseball.mp3
114,5,14,catch,catch,1,p05_14_catch.mp3
115,5,15,swallowing,swallowing,1,p05_15_swallowing.mp3
116,5,16,access,access,1,p05_16_access.mp3
117,5,17,circulation,circulation,1,p05_17_circulation.mp3
118,5,18,warning,warning,1,p05_18_warning.mp3
119,5,19,stickers,stickers,1,p05_19_stickers.mp3
120,5,20,bins,bins,1,p05_20_bins.mp3
121,5,21,durable,durable,1,p05_21_durable.mp3
122,5,22,legal,legal,1,p05_22_legal.mp3
123,5,23,radio program,radio program,1,p05_23_radio-program.mp3
124,5,24,union,union,1,p05_24_union.mp3
125,5,25,motor,motor,1,p05_25_motor.mp3
126,6,1,object,object,1,p06_01_object.mp3
127,6,2,matters,matters,1,p06_02_matters.mp3
128,6,3,classification,classification,1,p06_03_classification.mp3
129,6,4,origins,origins,1,p06_04_origins.mp3
130,6,5,commuter,commuter,1,p06_05_commuter.mp3
131,6,6,relaxation,relaxation,1,p06_06_relaxation.mp3
132,6,7,companionship,companionship,1,p06_07_companionship.mp3
133,6,8,pleasure,pleasure,1,p06_08_pleasure.mp3
134,6,9,active,active,1,p06_09_active.mp3
135,6,10,success,success,1,p06_10_success.mp3
136,6,11,headphones,headphones,1,p06_11_headphones.mp3
137,6,12,ambulance,ambulance,1,p06_12_ambulance.mp3
138,6,13,garbage,garbage,1,p06_13_garbage.mp3
139,6,14,released,released,1,p06_14_released.mp3
140,6,15,challenge,challenge,1,p06_15_challenge.mp3
141,6,16,maturity,maturity,1,p06_16_maturity.mp3
142,6,17,advisors = adviser,advisors,1,p06_17a_advisors.mp3
142,6,17,advisors = adviser,adviser,2,p06_17b_adviser.mp3
143,6,18,pay,pay,1,p06_18_pay.mp3
144,6,19,events,events,1,p06_19_events.mp3
145,6,20,ice age,ice age,1,p06_20_ice-age.mp3
146,6,21,invisible,invisible,1,p06_21_invisible.mp3
147,6,22,flavor = flavour,flavor,1,p06_22a_flavor.mp3
147,6,22,flavor = flavour,flavour,2,p06_22b_flavour.mp3
148,6,23,lowland,lowland,1,p06_23_lowland.mp3
149,6,24,cuttings,cuttings,1,p06_24_cuttings.mp3
150,6,25,lane,lane,1,p06_25_lane.mp3
151,7,1,food-handling,food-handling,1,p07_01_food-handling.mp3
152,7,2,color blindness,color blindness,1,p07_02_color-blindness.mp3
153,7,3,pressure,pressure,1,p07_03_pressure.mp3
154,7,4,grey = gray,grey,1,p07_04a_grey.mp3
154,7,4,grey = gray,gray,2,p07_04b_gray.mp3
155,7,5,literature,literature,1,p07_05_literature.mp3
156,7,6,autobiography,autobiography,1,p07_06_autobiography.mp3
157,7,7,novices,novices,1,p07_07_novices.mp3
158,7,8,framework,framework,1,p07_08_framework.mp3
159,7,9,editor,editor,1,p07_09_editor.mp3
160,7,10,sequence,sequence,1,p07_10_sequence.mp3
161,7,11,order,order,1,p07_11_order.mp3
162,7,12,sunglasses,sunglasses,1,p07_12_sunglasses.mp3
163,7,13,adaptor = adapter,adaptor,1,p07_13a_adaptor.mp3
163,7,13,adaptor = adapter,adapter,2,p07_13b_adapter.mp3
164,7,14,unequal,unequal,1,p07_14_unequal.mp3
165,7,15,colleagues,colleagues,1,p07_15_colleagues.mp3
166,7,16,confidential,confidential,1,p07_16_confidential.mp3
167,7,17,messy,messy,1,p07_17_messy.mp3
168,7,18,woodland,woodland,1,p07_18_woodland.mp3
169,7,19,agent,agent,1,p07_19_agent.mp3
170,7,20,thin,thin,1,p07_20_thin.mp3
171,7,21,buried,buried,1,p07_21_buried.mp3
172,7,22,thickness,thickness,1,p07_22_thickness.mp3
173,7,23,bleached,bleached,1,p07_23_bleached.mp3
174,7,24,dialect,dialect,1,p07_24_dialect.mp3
175,7,25,baseline,baseline,1,p07_25_baseline.mp3
176,8,1,evolution,evolution,1,p08_01_evolution.mp3
177,8,2,terminal,terminal,1,p08_02_terminal.mp3
178,8,3,raincoat,raincoat,1,p08_03_raincoat.mp3
179,8,4,calendar,calendar,1,p08_04_calendar.mp3
180,8,5,rainfall,rainfall,1,p08_05_rainfall.mp3
181,8,6,freezing,freezing,1,p08_06_freezing.mp3
182,8,7,unsuccessful,unsuccessful,1,p08_07_unsuccessful.mp3
183,8,8,inexpensive,inexpensive,1,p08_08_inexpensive.mp3
184,8,9,go upstairs,go upstairs,1,p08_09_go-upstairs.mp3
185,8,10,basketball,basketball,1,p08_10_basketball.mp3
186,8,11,commercial,commercial,1,p08_11_commercial.mp3
187,8,12,roll over,roll over,1,p08_12_roll-over.mp3
188,8,13,similar,similar,1,p08_13_similar.mp3
189,8,14,relationship,relationship,1,p08_14_relationship.mp3
190,8,15,examples,examples,1,p08_15_examples.mp3
191,8,16,professor,professor,1,p08_16_professor.mp3
192,8,17,media,media,1,p08_17_media.mp3
193,8,18,fear,fear,1,p08_18_fear.mp3
194,8,19,blood,blood,1,p08_19_blood.mp3
195,8,20,Atlantic,Atlantic,1,p08_20_atlantic.mp3
196,8,21,luxury,luxury,1,p08_21_luxury.mp3
197,8,22,source,source,1,p08_22_source.mp3
198,8,23,earthworm,earthworm,1,p08_23_earthworm.mp3
199,8,24,sailing,sailing,1,p08_24_sailing.mp3
200,8,25,stressors,stressors,1,p08_25_stressors.mp3
201,9,1,twin,twin,1,p09_01_twin.mp3
202,9,2,Scotland,Scotland,1,p09_02_scotland.mp3
203,9,3,planets,planets,1,p09_03_planets.mp3
204,9,4,telegraph,telegraph,1,p09_04_telegraph.mp3
205,9,5,hurricanes,hurricanes,1,p09_05_hurricanes.mp3
206,9,6,comedy,comedy,1,p09_06_comedy.mp3
207,9,7,publicity,publicity,1,p09_07_publicity.mp3
208,9,8,community,community,1,p09_08_community.mp3
209,9,9,costume,costume,1,p09_09_costume.mp3
210,9,10,land,land,1,p09_10_land.mp3
211,9,11,mixture,mixture,1,p09_11_mixture.mp3
212,9,12,combination,combination,1,p09_12_combination.mp3
213,9,13,avenue,avenue,1,p09_13_avenue.mp3
214,9,14,blues,blues,1,p09_14_blues.mp3
215,9,15,frying pan,frying pan,1,p09_15_frying-pan.mp3
216,9,16,magnets,magnets,1,p09_16_magnets.mp3
217,9,17,precision,precision,1,p09_17_precision.mp3
218,9,18,echo,echo,1,p09_18_echo.mp3
219,9,19,luggage,luggage,1,p09_19_luggage.mp3
220,9,20,continent,continent,1,p09_20_continent.mp3
221,9,21,geology,geology,1,p09_21_geology.mp3
222,9,22,marker,marker,1,p09_22_marker.mp3
223,9,23,label,label,1,p09_23_label.mp3
224,9,24,ferry,ferry,1,p09_24_ferry.mp3
225,9,25,scooters,scooters,1,p09_25_scooters.mp3
226,10,1,cans,cans,1,p10_01_cans.mp3
227,10,2,tasteless,tasteless,1,p10_02_tasteless.mp3
228,10,3,lemon,lemon,1,p10_03_lemon.mp3
229,10,4,minor,minor,1,p10_04_minor.mp3
230,10,5,bond,bond,1,p10_05_bond.mp3
231,10,6,coordination,coordination,1,p10_06_coordination.mp3
232,10,7,broadcast,broadcast,1,p10_07_broadcast.mp3
233,10,8,dirt,dirt,1,p10_08_dirt.mp3
234,10,9,couple,couple,1,p10_09_couple.mp3
235,10,10,privacy,privacy,1,p10_10_privacy.mp3
236,10,11,vertical,vertical,1,p10_11_vertical.mp3
237,10,12,harvest,harvest,1,p10_12_harvest.mp3
238,10,13,wedding,wedding,1,p10_13_wedding.mp3
239,10,14,dividing,dividing,1,p10_14_dividing.mp3
240,10,15,hat,hat,1,p10_15_hat.mp3
241,10,16,basement,basement,1,p10_16_basement.mp3
242,10,17,kindness,kindness,1,p10_17_kindness.mp3
243,10,18,hurt,hurt,1,p10_18_hurt.mp3
244,10,19,interaction,interaction,1,p10_19_interaction.mp3
245,10,20,obligation,obligation,1,p10_20_obligation.mp3
246,10,21,expectation,expectation,1,p10_21_expectation.mp3
247,10,22,glue,glue,1,p10_22_glue.mp3
248,10,23,guitar,guitar,1,p10_23_guitar.mp3
249,10,24,supermarket,supermarket,1,p10_24_supermarket.mp3
250,10,25,depth,depth,1,p10_25_depth.mp3
251,11,1,knowledge,knowledge,1,p11_01_knowledge.mp3
252,11,2,lines,lines,1,p11_02_lines.mp3
253,11,3,packaging,packaging,1,p11_03_packaging.mp3
254,11,4,organic,organic,1,p11_04_organic.mp3
255,11,5,accent,accent,1,p11_05_accent.mp3
256,11,6,thunderstorm,thunderstorm,1,p11_06_thunderstorm.mp3
257,11,7,stand,stand,1,p11_07_stand.mp3
258,11,8,rare,rare,1,p11_08_rare.mp3
259,11,9,flamingos,flamingos,1,p11_09_flamingos.mp3
260,11,10,swans,swans,1,p11_10_swans.mp3
261,11,11,calculation,calculation,1,p11_11_calculation.mp3
262,11,12,demolish,demolish,1,p11_12_demolish.mp3
263,11,13,salary,salary,1,p11_13_salary.mp3
264,11,14,concentrated,concentrated,1,p11_14_concentrated.mp3
265,11,15,potatoes,potatoes,1,p11_15_potatoes.mp3
266,11,16,radiators,radiators,1,p11_16_radiators.mp3
267,11,17,athletes,athletes,1,p11_17_athletes.mp3
268,11,18,baked,baked,1,p11_18_baked.mp3
269,11,19,wax,wax,1,p11_19_wax.mp3
270,11,20,spots,spots,1,p11_20_spots.mp3
271,11,21,immigration,immigration,1,p11_21_immigration.mp3
272,11,22,germs,germs,1,p11_22_germs.mp3
273,11,23,collection tank,collection tank,1,p11_23_collection-tank.mp3
274,11,24,trace,trace,1,p11_24_trace.mp3
275,11,25,soft sediment,soft sediment,1,p11_25_soft-sediment.mp3
276,12,1,army,army,1,p12_01_army.mp3
277,12,2,vegetables,vegetables,1,p12_02_vegetables.mp3
278,12,3,aeroplane,aeroplane,1,p12_03_aeroplane.mp3
279,12,4,robot,robot,1,p12_04_robot.mp3
280,12,5,cable,cable,1,p12_05_cable.mp3
281,12,6,airline,airline,1,p12_06_airline.mp3
282,12,7,pilots,pilots,1,p12_07_pilots.mp3
283,12,8,fragile,fragile,1,p12_08_fragile.mp3
284,12,9,relocation,relocation,1,p12_09_relocation.mp3
285,12,10,plantation,plantation,1,p12_10_plantation.mp3
286,12,11,meanings,meanings,1,p12_11_meanings.mp3
287,12,12,French,French,1,p12_12_french.mp3
288,12,13,preposition,preposition,1,p12_13_preposition.mp3
289,12,14,smooth,smooth,1,p12_14_smooth.mp3
290,12,15,half,half,1,p12_15_half.mp3
291,12,16,still,still,1,p12_16_still.mp3
292,12,17,pump,pump,1,p12_17_pump.mp3
293,12,18,pest,pest,1,p12_18_pest.mp3
294,12,19,prison,prison,1,p12_19_prison.mp3
295,12,20,rainbow,rainbow,1,p12_20_rainbow.mp3
296,12,21,layers,layers,1,p12_21_layers.mp3
297,12,22,rope,rope,1,p12_22_rope.mp3
298,12,23,sensitive,sensitive,1,p12_23_sensitive.mp3
299,12,24,government,government,1,p12_24_government.mp3
300,12,25,worldwide,worldwide,1,p12_25_worldwide.mp3
301,13,1,pods,pods,1,p13_01_pods.mp3
302,13,2,swimmers,swimmers,1,p13_02_swimmers.mp3
303,13,3,exclusive,exclusive,1,p13_03_exclusive.mp3
304,13,4,straw,straw,1,p13_04_straw.mp3
305,13,5,necklace,necklace,1,p13_05_necklace.mp3
306,13,6,cooler,cooler,1,p13_06_cooler.mp3
307,13,7,headaches,headaches,1,p13_07_headaches.mp3
308,13,8,nitrogen,nitrogen,1,p13_08_nitrogen.mp3
309,13,9,passive,passive,1,p13_09_passive.mp3
310,13,10,chemist,chemist,1,p13_10_chemist.mp3
311,13,11,worms,worms,1,p13_11_worms.mp3
312,13,12,century,century,1,p13_12_century.mp3
313,13,13,defences = defenses,defences,1,p13_13a_defences.mp3
313,13,13,defences = defenses,defenses,2,p13_13b_defenses.mp3
314,13,14,horn,horn,1,p13_14_horn.mp3
315,13,15,fork,fork,1,p13_15_fork.mp3
316,13,16,divorce,divorce,1,p13_16_divorce.mp3
317,13,17,poems,poems,1,p13_17_poems.mp3
318,13,18,acid,acid,1,p13_18_acid.mp3
319,13,19,peace,peace,1,p13_19_peace.mp3
320,13,20,seals,seals,1,p13_20_seals.mp3
321,13,21,treaties,treaties,1,p13_21_treaties.mp3
322,13,22,gun,gun,1,p13_22_gun.mp3
323,13,23,originality,originality,1,p13_23_originality.mp3
324,13,24,reluctance,reluctance,1,p13_24_reluctance.mp3
325,13,25,embarrassing stories,embarrassing stories,1,p13_25_embarrassing-stories.mp3
326,14,1,consistent,consistent,1,p14_01_consistent.mp3
327,14,2,variation,variation,1,p14_02_variation.mp3
328,14,3,morality,morality,1,p14_03_morality.mp3
329,14,4,portraits,portraits,1,p14_04_portraits.mp3
330,14,5,documentary,documentary,1,p14_05_documentary.mp3
331,14,6,fashion,fashion,1,p14_06_fashion.mp3
332,14,7,tears,tears,1,p14_07_tears.mp3
333,14,8,contrast,contrast,1,p14_08_contrast.mp3
334,14,9,running tunnels,running tunnels,1,p14_09_running-tunnels.mp3
335,14,10,cross passages,cross passages,1,p14_10_cross-passages.mp3
336,14,11,portable,portable,1,p14_11_portable.mp3
337,14,12,earthquake,earthquake,1,p14_12_earthquake.mp3
338,14,13,collapse,collapse,1,p14_13_collapse.mp3
339,14,14,mould = mold,mould,1,p14_14a_mould.mp3
339,14,14,mould = mold,mold,2,p14_14b_mold.mp3
340,14,15,machinery,machinery,1,p14_15_machinery.mp3
341,14,16,elastic,elastic,1,p14_16_elastic.mp3
342,14,17,Germany,Germany,1,p14_17_germany.mp3
343,14,18,connections,connections,1,p14_18_connections.mp3
344,14,19,targets,targets,1,p14_19_targets.mp3
345,14,20,marriage,marriage,1,p14_20_marriage.mp3
346,14,21,reward,reward,1,p14_21_reward.mp3
347,14,22,adventure,adventure,1,p14_22_adventure.mp3
348,14,23,rural,rural,1,p14_23_rural.mp3
349,14,24,accident,accident,1,p14_24_accident.mp3
350,14,25,brick,brick,1,p14_25_brick.mp3
351,15,1,roof,roof,1,p15_01_roof.mp3
352,15,2,shadow,shadow,1,p15_02_shadow.mp3
353,15,3,seasonal nomads,seasonal nomads,1,p15_03_seasonal-nomads.mp3
354,15,4,veil,veil,1,p15_04_veil.mp3
355,15,5,ecology,ecology,1,p15_05_ecology.mp3
356,15,6,sustainable,sustainable,1,p15_06_sustainable.mp3
357,15,7,trash,trash,1,p15_07_trash.mp3
358,15,8,hothouse,hothouse,1,p15_08_hothouse.mp3
359,15,9,rabbit,rabbit,1,p15_09_rabbit.mp3
360,15,10,rush,rush,1,p15_10_rush.mp3
361,15,11,random,random,1,p15_11_random.mp3
362,15,12,cost effective,cost effective,1,p15_12_cost-effective.mp3
363,15,13,lonely,lonely,1,p15_13_lonely.mp3
364,15,14,jokes,jokes,1,p15_14_jokes.mp3
365,15,15,creative,creative,1,p15_15_creative.mp3
366,15,16,songs,songs,1,p15_16_songs.mp3
367,15,17,bowls,bowls,1,p15_17_bowls.mp3
368,15,18,shelves,shelves,1,p15_18_shelves.mp3
369,15,19,subtitles,subtitles,1,p15_19_subtitles.mp3
370,15,20,script,script,1,p15_20_script.mp3
371,15,21,chest,chest,1,p15_21_chest.mp3
372,15,22,calcium,calcium,1,p15_22_calcium.mp3
373,15,23,muscle,muscle,1,p15_23_muscle.mp3
374,15,24,sweat,sweat,1,p15_24_sweat.mp3
375,15,25,Asia,Asia,1,p15_25_asia.mp3
376,16,1,autumn,autumn,1,p16_01_autumn.mp3
377,16,2,orange,orange,1,p16_02_orange.mp3
378,16,3,tomatoes,tomatoes,1,p16_03_tomatoes.mp3
379,16,4,milk,milk,1,p16_04_milk.mp3
380,16,5,small,small,1,p16_05_small.mp3
381,16,6,people,people,1,p16_06_people.mp3
382,16,7,sun,sun,1,p16_07_sun.mp3
383,16,8,zoos,zoos,1,p16_08_zoos.mp3
384,16,9,cities,cities,1,p16_09_cities.mp3
385,16,10,summer,summer,1,p16_10_summer.mp3
